Datetime,Water Level (m)
2025-06-05 06:00:00,-0.2713405
2025-06-05 07:00:00,-0.17307994
2025-06-05 08:00:00,0.05669768
2025-06-05 09:00:00,0.321648
2025-06-05 10:00:00,0.60255873
2025-06-05 11:00:00,0.76743156
2025-06-05 12:00:00,0.7782685
2025-06-05 13:00:00,0.65876377
2025-06-05 14:00:00,0.43419346
2025-06-05 15:00:00,0.16058157
2025-06-05 16:00:00,-0.12280509
2025-06-05 17:00:00,-0.35504398
2025-06-05 18:00:00,-0.49078515
2025-06-05 19:00:00,-0.49134666
2025-06-05 20:00:00,-0.30353528
2025-06-05 21:00:00,0.0035243013
2025-06-05 22:00:00,0.32374948
2025-06-05 23:00:00,0.62184423
2025-06-06 00:00:00,0.7747961
2025-06-06 01:00:00,0.7979179
2025-06-06 02:00:00,0.70422035
2025-06-06 03:00:00,0.4887173
2025-06-06 04:00:00,0.21834873
2025-06-06 05:00:00,-0.044068042
2025-06-06 06:00:00,-0.22330469
2025-06-06 07:00:00,-0.28460494
2025-06-06 08:00:00,-0.20402616
2025-06-06 09:00:00,0.03177892
2025-06-06 10:00:00,0.31297845
2025-06-06 11:00:00,0.58704984
2025-06-06 12:00:00,0.73576415
2025-06-06 13:00:00,0.7478526
2025-06-06 14:00:00,0.6363795
2025-06-06 15:00:00,0.41068769
2025-06-06 16:00:00,0.1261537
2025-06-06 17:00:00,-0.16814041
2025-06-06 18:00:00,-0.41275403
2025-06-06 19:00:00,-0.5674178
2025-06-06 20:00:00,-0.5405502
2025-06-06 21:00:00,-0.28779295
2025-06-06 22:00:00,0.080027215
2025-06-06 23:00:00,0.46782735
2025-06-07 00:00:00,0.77364886
2025-06-07 01:00:00,0.9045159
2025-06-07 02:00:00,0.9027551
2025-06-07 03:00:00,0.760891
2025-06-07 04:00:00,0.50023925
2025-06-07 05:00:00,0.20300865
2025-06-07 06:00:00,-0.07497376
2025-06-07 07:00:00,-0.267933
2025-06-07 08:00:00,-0.3386399
2025-06-07 09:00:00,-0.25078353
2025-06-07 10:00:00,0.015647946
2025-06-07 11:00:00,0.3266021
2025-06-07 12:00:00,0.64052624
2025-06-07 13:00:00,0.7976922
2025-06-07 14:00:00,0.80075145
2025-06-07 15:00:00,0.6519718
2025-06-07 16:00:00,0.3820469
2025-06-07 17:00:00,0.06722052
2025-06-07 18:00:00,-0.25004515
2025-06-07 19:00:00,-0.50846165
2025-06-07 20:00:00,-0.64492816
2025-06-07 21:00:00,-0.5485742
2025-06-07 22:00:00,-0.20788622
2025-06-07 23:00:00,0.20561612
2025-06-08 00:00:00,0.62163955
2025-06-08 01:00:00,0.91514164
2025-06-08 02:00:00,1.0186663
2025-06-08 03:00:00,0.9780759
2025-06-08 04:00:00,0.7771157
2025-06-08 05:00:00,0.46718255
2025-06-08 06:00:00,0.13615273
2025-06-08 07:00:00,-0.15317672
2025-06-08 08:00:00,-0.3553761
2025-06-08 09:00:00,-0.4160515
2025-06-08 10:00:00,-0.28315756
2025-06-08 11:00:00,0.046739746
2025-06-08 12:00:00,0.40105614
2025-06-08 13:00:00,0.70916057
2025-06-08 14:00:00,0.8361332
2025-06-08 15:00:00,0.7921617
2025-06-08 16:00:00,0.57459277
2025-06-08 17:00:00,0.26160887
2025-06-08 18:00:00,-0.0806582
2025-06-08 19:00:00,-0.38764885
2025-06-08 20:00:00,-0.60744745
2025-06-08 21:00:00,-0.6771787
2025-06-08 22:00:00,-0.48501486
2025-06-08 23:00:00,-0.094937585
2025-06-09 00:00:00,0.34328735
2025-06-09 01:00:00,0.79012245
2025-06-09 02:00:00,1.0668536
2025-06-09 03:00:00,1.1572663
2025-06-09 04:00:00,1.0741525
2025-06-09 05:00:00,0.795576
2025-06-09 06:00:00,0.4262706
2025-06-09 07:00:00,0.06533065
2025-06-09 08:00:00,-0.2268633
2025-06-09 09:00:00,-0.41334864
2025-06-09 10:00:00,-0.43743968
2025-06-09 11:00:00,-0.19755672
2025-06-09 12:00:00,0.1840082
2025-06-09 13:00:00,0.5660289
2025-06-09 14:00:00,0.8521323
2025-06-09 15:00:00,0.92945117
2025-06-09 16:00:00,0.80636674
2025-06-09 17:00:00,0.5139737
2025-06-09 18:00:00,0.15563604
2025-06-09 19:00:00,-0.20715737
2025-06-09 20:00:00,-0.5069592
2025-06-09 21:00:00,-0.7076887
2025-06-09 22:00:00,-0.6858781
2025-06-09 23:00:00,-0.34640297
2025-06-10 00:00:00,0.09638579
2025-06-10 01:00:00,0.5728938
2025-06-10 02:00:00,0.9975743
2025-06-10 03:00:00,1.2172706
2025-06-10 04:00:00,1.2524427
2025-06-10 05:00:00,1.0823644
2025-06-10 06:00:00,0.72659105
2025-06-10 07:00:00,0.32802153
2025-06-10 08:00:00,-0.03893429
2025-06-10 09:00:00,-0.3228201
2025-06-10 10:00:00,-0.49254674
2025-06-10 11:00:00,-0.46795362
2025-06-10 12:00:00,-0.12171911
2025-06-10 13:00:00,0.30125135
2025-06-10 14:00:00,0.69906104
2025-06-10 15:00:00,0.9347156
2025-06-10 16:00:00,0.95668507
2025-06-10 17:00:00,0.75889117
2025-06-10 18:00:00,0.40290433
2025-06-10 19:00:00,0.017291447
2025-06-10 20:00:00,-0.34622243
2025-06-10 21:00:00,-0.6313968
2025-06-10 22:00:00,-0.7751074
2025-06-10 23:00:00,-0.6169228
2025-06-11 00:00:00,-0.17656508
2025-06-11 01:00:00,0.30233464
2025-06-11 02:00:00,0.8056802
2025-06-11 03:00:00,1.1743429
2025-06-11 04:00:00,1.3343694
2025-06-11 05:00:00,1.2947352
2025-06-11 06:00:00,1.0189053
